{"cameraMode":{"drawMode":0,"name":"Shaded","section":"Shading Mode"},"sceneLighting":false,"audioPlay":false,"sceneViewState":{"showFog":true,"showMaterialUpdate":true,"showSkybox":false,"showFlares":true,"showImageEffects":true,"showParticleSystems":true},"in2DMode":false,"pivot":{"x":-4.819019794464111,"y":2.533179521560669,"z":277.37109375},"rotation":{"x":0.02259732410311699,"y":0.9281991124153137,"z":-0.05715632066130638,"w":0.36697283387184145},"size":6.029308795928955,"orthographic":true}