{"cameraMode":{"drawMode":0,"name":"Shaded","section":"Shading Mode"},"sceneLighting":false,"audioPlay":false,"sceneViewState":{"showFog":true,"showMaterialUpdate":true,"showSkybox":false,"showFlares":true,"showImageEffects":true,"showParticleSystems":true},"in2DMode":false,"pivot":{"x":5.966732978820801,"y":1.6738173961639405,"z":5.869725227355957},"rotation":{"x":0.24584469199180604,"y":0.007269734051078558,"z":-0.001843863632529974,"w":0.9692801833152771},"size":9.795185089111329,"orthographic":false}