{"cameraMode":{"drawMode":0,"name":"Shaded","section":"Shading Mode"},"sceneLighting":true,"audioPlay":false,"sceneViewState":{"showFog":true,"showMaterialUpdate":true,"showSkybox":true,"showFlares":true,"showImageEffects":true,"showParticleSystems":true},"in2DMode":false,"pivot":{"x":-8.018800735473633,"y":-0.6798467636108398,"z":17.925477981567384},"rotation":{"x":0.10772063583135605,"y":-0.035782575607299808,"z":0.003879606956616044,"w":0.993529736995697},"size":51.73048400878906,"orthographic":false}